{"cameraMode":{"drawMode":0,"name":"Shaded","section":"Shading Mode"},"sceneLighting":true,"audioPlay":false,"sceneViewState":{"showFog":true,"showMaterialUpdate":false,"showSkybox":false,"showFlares":true,"showImageEffects":true,"showParticleSystems":true},"in2DMode":false,"pivot":{"x":-0.37763386964797976,"y":0.005718351341784,"z":-0.14146403968334199},"rotation":{"x":0.09923366457223892,"y":-0.8039812445640564,"z":0.1400691270828247,"w":0.569374680519104},"size":1.245234489440918,"orthographic":false}