{"cameraMode":{"drawMode":0,"name":"Shaded","section":"Shading Mode"},"sceneLighting":true,"audioPlay":false,"sceneViewState":{"showFog":true,"showMaterialUpdate":false,"showSkybox":false,"showFlares":true,"showImageEffects":true,"showParticleSystems":true},"in2DMode":false,"pivot":{"x":0.05482855439186096,"y":0.04256173223257065,"z":-0.43582502007484438},"rotation":{"x":-0.004522555507719517,"y":0.9315575361251831,"z":-0.011449377983808518,"w":-0.3634776473045349},"size":0.9017358422279358,"orthographic":false}