{"cameraMode":{"drawMode":0,"name":"Shaded","section":"Shading Mode"},"sceneLighting":true,"audioPlay":false,"sceneViewState":{"showFog":true,"showMaterialUpdate":false,"showSkybox":false,"showFlares":true,"showImageEffects":true,"showParticleSystems":true},"in2DMode":false,"pivot":{"x":0.000133514404296875,"y":-0.31812363862991335,"z":-1.1920928955078126e-7},"rotation":{"x":-0.2518882155418396,"y":-0.3692271411418915,"z":0.10479968041181565,"w":-0.8884483575820923},"size":6.828707218170166,"orthographic":false}