{"cameraMode":{"drawMode":0,"name":"Shaded","section":"Shading Mode"},"sceneLighting":true,"audioPlay":false,"sceneViewState":{"showFog":true,"showMaterialUpdate":false,"showSkybox":false,"showFlares":true,"showImageEffects":true,"showParticleSystems":true},"in2DMode":false,"pivot":{"x":-2.319999933242798,"y":1.7999999523162842,"z":0.0},"rotation":{"x":0.3099479675292969,"y":0.03165872395038605,"z":-0.010342136025428772,"w":0.9502023458480835},"size":0.5934165716171265,"orthographic":false}