{"cameraMode":{"drawMode":0,"name":"Shaded","section":"Shading Mode"},"sceneLighting":true,"audioPlay":false,"sceneViewState":{"showFog":true,"showMaterialUpdate":false,"showSkybox":false,"showFlares":true,"showImageEffects":true,"showParticleSystems":true},"in2DMode":false,"pivot":{"x":-2.3199996948242189,"y":1.8000001907348633,"z":0.0},"rotation":{"x":0.3099479675292969,"y":0.03165872395038605,"z":-0.010342136025428772,"w":0.9502023458480835},"size":2.142077684402466,"orthographic":false}