{"cameraMode":{"drawMode":0,"name":"Shaded","section":"Shading Mode"},"sceneLighting":true,"audioPlay":false,"sceneViewState":{"showFog":true,"showMaterialUpdate":false,"showSkybox":false,"showFlares":true,"showImageEffects":true,"showParticleSystems":true},"in2DMode":false,"pivot":{"x":-7.070748329162598,"y":6.037474632263184,"z":1.8978381156921387},"rotation":{"x":-0.3466978967189789,"y":-0.5130178928375244,"z":0.23765861988067628,"w":-0.7484316825866699},"size":3.157883882522583,"orthographic":false}