{"cameraMode":{"drawMode":0,"name":"Shaded","section":"Shading Mode"},"sceneLighting":false,"audioPlay":false,"sceneViewState":{"showFog":true,"showMaterialUpdate":false,"showSkybox":false,"showFlares":true,"showImageEffects":true,"showParticleSystems":true},"in2DMode":false,"pivot":{"x":0.022801967337727548,"y":-0.07053478062152863,"z":-0.10772252082824707},"rotation":{"x":-0.18803860247135163,"y":0.03888217359781265,"z":-0.007444698829203844,"w":-0.981390655040741},"size":0.6017359495162964,"orthographic":false}