{"cameraMode":{"drawMode":0,"name":"Shaded","section":"Shading Mode"},"sceneLighting":false,"audioPlay":false,"sceneViewState":{"showFog":true,"showMaterialUpdate":false,"showSkybox":false,"showFlares":true,"showImageEffects":true,"showParticleSystems":true},"in2DMode":false,"pivot":{"x":1.8234024047851563,"y":-3.5495808124542238,"z":0.6692047119140625},"rotation":{"x":-0.5129521489143372,"y":0.1962839663028717,"z":-0.12178065627813339,"w":-0.8267619013786316},"size":350.021728515625,"orthographic":false}