{"cameraMode":{"drawMode":0,"name":"Shaded","section":"Shading Mode"},"sceneLighting":false,"audioPlay":false,"sceneViewState":{"showFog":true,"showMaterialUpdate":false,"showSkybox":false,"showFlares":true,"showImageEffects":true,"showParticleSystems":true},"in2DMode":false,"pivot":{"x":0.20475801825523377,"y":-0.05709037184715271,"z":0.16477055847644807},"rotation":{"x":-0.3348599672317505,"y":0.06550978869199753,"z":-0.02333953231573105,"w":-0.9397257566452026},"size":0.4456825852394104,"orthographic":false}