{"cameraMode":{"drawMode":0,"name":"Shaded","section":"Shading Mode"},"sceneLighting":false,"audioPlay":false,"sceneViewState":{"showFog":true,"showMaterialUpdate":false,"showSkybox":false,"showFlares":true,"showImageEffects":true,"showParticleSystems":true},"in2DMode":false,"pivot":{"x":0.000133514404296875,"y":0.5341978073120117,"z":-0.0006230399012565613},"rotation":{"x":-0.1639995276927948,"y":-0.3803975284099579,"z":0.06884921342134476,"w":-0.9076088070869446},"size":5.358086109161377,"orthographic":false}