{"cameraMode":{"drawMode":0,"name":"Shaded","section":"Shading Mode"},"sceneLighting":false,"audioPlay":false,"sceneViewState":{"showFog":true,"showMaterialUpdate":false,"showSkybox":false,"showFlares":true,"showImageEffects":true,"showParticleSystems":true},"in2DMode":false,"pivot":{"x":-15.433124542236329,"y":-4.154917240142822,"z":-28.542997360229493},"rotation":{"x":-0.29805728793144228,"y":0.062089841812849048,"z":-0.019408393651247026,"w":-0.9523587226867676},"size":59.012664794921878,"orthographic":false}