{"cameraMode":{"drawMode":0,"name":"Shaded","section":"Shading Mode"},"sceneLighting":false,"audioPlay":false,"sceneViewState":{"showFog":true,"showMaterialUpdate":false,"showSkybox":false,"showFlares":true,"showImageEffects":true,"showParticleSystems":true},"in2DMode":false,"pivot":{"x":-1.4901161193847657e-8,"y":-2.2351741790771486e-8,"z":0.0},"rotation":{"x":-0.23155361413955689,"y":0.19884774088859559,"z":-0.048377733677625659,"w":-0.9510849118232727},"size":0.5934163331985474,"orthographic":false}