{"cameraMode":{"drawMode":0,"name":"Shaded","section":"Shading Mode"},"sceneLighting":true,"audioPlay":false,"sceneViewState":{"showFog":true,"showMaterialUpdate":false,"showSkybox":false,"showFlares":true,"showImageEffects":true,"showParticleSystems":true},"in2DMode":false,"pivot":{"x":-1.8695259094238282,"y":1.4504789113998414,"z":-0.2580566108226776},"rotation":{"x":0.3099479675292969,"y":0.03165872395038605,"z":-0.010342136025428772,"w":0.9502023458480835},"size":3.0391225814819338,"orthographic":false}