{"cameraMode":{"drawMode":0,"name":"Shaded","section":"Shading Mode"},"sceneLighting":false,"audioPlay":false,"sceneViewState":{"showFog":true,"showMaterialUpdate":false,"showSkybox":false,"showFlares":true,"showImageEffects":true,"showParticleSystems":true},"in2DMode":false,"pivot":{"x":9.301963806152344,"y":1.8749972581863404,"z":1.4458694458007813},"rotation":{"x":-0.11653399467468262,"y":-0.2368500530719757,"z":0.028732609003782274,"w":-0.9641507267951965},"size":7.56843376159668,"orthographic":false}