{"cameraMode":{"drawMode":0,"name":"Shaded","section":"Shading Mode"},"sceneLighting":false,"audioPlay":false,"sceneViewState":{"showFog":true,"showMaterialUpdate":false,"showSkybox":true,"showFlares":true,"showImageEffects":true,"showParticleSystems":true},"in2DMode":false,"pivot":{"x":-1.883216381072998,"y":3.545893669128418,"z":1.225398063659668},"rotation":{"x":-0.19347447156906129,"y":0.07702555507421494,"z":-0.01523339282721281,"w":-0.9779716730117798},"size":15.221227645874024,"orthographic":false}