{"cameraMode":{"drawMode":0,"name":"Shaded","section":"Shading Mode"},"sceneLighting":true,"audioPlay":false,"sceneViewState":{"showFog":true,"showMaterialUpdate":false,"showSkybox":false,"showFlares":true,"showImageEffects":true,"showParticleSystems":true},"in2DMode":false,"pivot":{"x":0.007702892180532217,"y":0.009486688300967217,"z":-0.02673756703734398},"rotation":{"x":-0.4307422339916229,"y":-0.02625591866672039,"z":0.01254643127322197,"w":-0.9020233154296875},"size":2.1560418605804445,"orthographic":false}