{"cameraMode":{"drawMode":0,"name":"Shaded","section":"Shading Mode"},"sceneLighting":true,"audioPlay":false,"sceneViewState":{"showFog":true,"showMaterialUpdate":false,"showSkybox":false,"showFlares":true,"showImageEffects":true,"showParticleSystems":true},"in2DMode":false,"pivot":{"x":-0.000023066997528076172,"y":0.1723937839269638,"z":-0.20779860019683839},"rotation":{"x":-0.23097620904445649,"y":-0.3259388208389282,"z":0.08257077634334564,"w":-0.9130656123161316},"size":5.7701191902160648,"orthographic":false}