{"cameraMode":{"drawMode":0,"name":"Shaded","section":"Shading Mode"},"sceneLighting":false,"audioPlay":false,"sceneViewState":{"showFog":true,"showMaterialUpdate":false,"showSkybox":false,"showFlares":true,"showImageEffects":true,"showParticleSystems":true},"in2DMode":false,"pivot":{"x":-0.026829561218619348,"y":0.047999996691942218,"z":0.064639151096344},"rotation":{"x":-0.0661056786775589,"y":0.8149247765541077,"z":-0.09477798640727997,"w":-0.5679829716682434},"size":0.33912283182144167,"orthographic":false}