{"cameraMode":{"drawMode":0,"name":"Shaded","section":"Shading Mode"},"sceneLighting":false,"audioPlay":false,"sceneViewState":{"showFog":true,"showMaterialUpdate":false,"showSkybox":false,"showFlares":true,"showImageEffects":true,"showParticleSystems":true},"in2DMode":false,"pivot":{"x":0.0,"y":-0.027406327426433564,"z":-3.725290298461914e-9},"rotation":{"x":-0.11931959539651871,"y":0.10760798305273056,"z":-0.012976382859051228,"w":-0.9869517087936401},"size":0.35913020372390749,"orthographic":false}