{"cameraMode":{"drawMode":0,"name":"Shaded","section":"Shading Mode"},"sceneLighting":true,"audioPlay":false,"sceneViewState":{"showFog":true,"showMaterialUpdate":false,"showSkybox":false,"showFlares":true,"showImageEffects":true,"showParticleSystems":true},"in2DMode":false,"pivot":{"x":6.799247741699219,"y":2.4425435066223146,"z":19.600738525390626},"rotation":{"x":-0.2278021275997162,"y":0.3314034342765808,"z":-0.08277707546949387,"w":-0.9118407368659973},"size":5.804224967956543,"orthographic":false}